1,new,0,,1350528715,,complete,1
2,another,0,,1350528718,,complete,1
3,test,0,,1350528833,,complete,1
4,another,0,,1350528835,,complete,1
5,blah,0,,1350528839,,incomplete,1
6,new,0,,1350529217,,incomplete,2
6,another,0,,1350529320,,incomplete,2
7,another,0,,1350529337,,complete,2
9,new title,0,,1350529577,blah!,complete,3
10,new,0,,1350529592,,complete,4
11,another,0,,1350530189,,incomplete,4
12,design mockup,0,,1350567659,,incomplete,4
13,blah,0,,1350567677,,incomplete,4
14,blah,0,,1350567687,,complete,4
